train_id,passengers,stations_covered,ticket_sales,rolling_stock_validity,signalling_validity,telecom_validity,job_card_status,branding_hours_left,current_mileage,last_deep_clean_date,stabling_bay
KMRL_1,1346,15,40548.79,2026-02-24 10:57:28,2026-02-18 10:57:28,2026-04-17 10:57:28,Open,258,81609.71,2025-09-01 10:57:28,5
KMRL_2,902,15,19528.95,2026-01-19 10:57:28,2026-04-14 10:57:28,2026-08-13 10:57:28,Closed,251,82939.82,2025-07-25 10:57:28,23
KMRL_3,719,16,29450.91,2026-05-07 10:57:28,2026-07-05 10:57:28,2026-01-15 10:57:28,Closed,247,37468.69,2025-08-19 10:57:28,3
KMRL_4,725,21,19747.33,2025-12-08 10:57:28,2026-06-23 10:57:28,2026-01-10 10:57:28,Closed,169,33060.73,2025-09-06 10:57:28,18
KMRL_5,831,15,13449.43,2026-04-11 10:57:28,2026-06-12 10:57:28,2026-01-01 10:57:28,Closed,197,71158.45,2025-08-06 10:57:28,31
KMRL_6,666,11,45854.41,2025-10-03 10:57:28,2025-11-29 10:57:28,2025-12-31 10:57:28,Closed,341,74578.57,2025-08-31 10:57:28,37
KMRL_7,899,21,19170.18,2026-09-01 10:57:28,2026-05-31 10:57:28,2026-03-04 10:57:28,Closed,221,92351.38,2025-06-20 10:57:28,20
KMRL_8,886,23,24832.19,2025-10-18 10:57:28,2026-03-27 10:57:28,2025-11-14 10:57:28,Open,222,17780.26,2025-09-16 10:57:28,2
KMRL_9,1155,17,13441.6,2026-04-03 10:57:28,2026-03-11 10:57:28,2026-08-17 10:57:28,Closed,419,73091.83,2025-09-05 10:57:28,11
KMRL_10,1364,16,23070.11,2025-11-01 10:57:28,2026-09-05 10:57:28,2026-04-07 10:57:28,Closed,395,26591.22,2025-06-07 10:57:28,4
KMRL_11,1483,18,11833.81,2026-08-27 10:57:28,2026-07-03 10:57:28,2026-07-31 10:57:28,Closed,72,96088.87,2025-08-22 10:57:28,1
KMRL_12,944,16,37296.59,2026-01-05 10:57:28,2026-06-13 10:57:28,2026-09-03 10:57:28,Open,365,75646.27,2025-09-01 10:57:28,29
KMRL_13,1992,16,36441.27,2026-08-12 10:57:28,2026-01-22 10:57:28,2026-06-30 10:57:28,Closed,373,69831.01,2025-08-23 10:57:28,11
KMRL_14,1995,20,33247.68,2026-04-12 10:57:28,2026-08-02 10:57:28,2026-02-25 10:57:28,Closed,153,76670.44,2025-08-31 10:57:28,15
KMRL_15,1115,21,22999.41,2025-10-12 10:57:28,2025-11-26 10:57:28,2026-05-09 10:57:28,Closed,140,32316.07,2025-07-11 10:57:28,34
KMRL_16,694,23,32031.64,2026-02-14 10:57:28,2026-02-26 10:57:28,2026-09-08 10:57:28,Open,340,43128.96,2025-06-11 10:57:28,39
KMRL_17,1229,18,19200.6,2026-01-31 10:57:28,2025-11-22 10:57:28,2026-08-13 10:57:28,Closed,208,84656.99,2025-09-01 10:57:28,7
KMRL_18,913,12,20249.26,2025-09-24 10:57:28,2025-11-06 10:57:28,2026-01-21 10:57:28,Closed,272,54927.39,2025-06-27 10:57:28,15
KMRL_19,1639,22,37205.52,2026-04-01 10:57:28,2025-12-22 10:57:28,2025-11-13 10:57:28,Open,212,31432.98,2025-06-18 10:57:28,19
KMRL_20,935,17,38508.85,2026-04-10 10:57:28,2026-05-16 10:57:28,2026-08-04 10:57:28,Open,202,58314.7,2025-05-25 10:57:28,35
KMRL_21,1378,13,49108.76,2026-03-03 10:57:28,2025-11-07 10:57:28,2026-02-27 10:57:28,Closed,185,94184.1,2025-08-29 10:57:28,3
KMRL_22,585,13,12229.47,2026-03-27 10:57:28,2026-09-04 10:57:28,2025-10-27 10:57:28,Closed,240,57706.08,2025-09-16 10:57:28,24
KMRL_23,1658,22,41380.52,2026-09-04 10:57:28,2026-05-17 10:57:28,2026-06-17 10:57:28,Closed,413,19739.56,2025-07-23 10:57:28,9
KMRL_24,848,11,36333.7,2026-01-23 10:57:28,2025-11-27 10:57:28,2026-09-10 10:57:28,Closed,68,75742.8,2025-05-27 10:57:28,25
KMRL_25,593,14,49677.51,2026-06-16 10:57:28,2026-05-20 10:57:28,2025-10-31 10:57:28,Closed,276,89717.43,2025-08-06 10:57:28,16
KMRL_26,994,22,36329.66,2026-04-13 10:57:28,2026-03-17 10:57:28,2025-10-28 10:57:28,Open,218,73911.63,2025-08-25 10:57:28,35
KMRL_27,1459,22,38462.31,2025-10-27 10:57:28,2026-02-20 10:57:28,2026-03-02 10:57:28,Closed,290,25627.81,2025-07-31 10:57:28,3
KMRL_28,1533,19,23037.44,2026-08-20 10:57:28,2026-02-14 10:57:28,2025-10-22 10:57:28,Open,468,73243.42,2025-07-27 10:57:28,10
KMRL_29,1669,22,21730.9,2025-10-14 10:57:28,2026-05-25 10:57:28,2026-01-05 10:57:28,Closed,338,92550.48,2025-08-22 10:57:28,28
KMRL_30,1413,19,24206.37,2025-12-21 10:57:28,2025-11-10 10:57:28,2026-07-23 10:57:28,Open,29,68616.49,2025-07-16 10:57:28,20
KMRL_31,1122,23,26884.32,2025-11-19 10:57:28,2025-12-05 10:57:28,2026-08-07 10:57:28,Open,421,50162.77,2025-05-27 10:57:28,1
KMRL_32,1323,21,32533.01,2026-04-28 10:57:28,2025-12-01 10:57:28,2026-08-05 10:57:28,Open,260,69996.84,2025-06-05 10:57:28,17
KMRL_33,1968,18,49566.32,2026-01-30 10:57:28,2025-10-30 10:57:28,2025-10-03 10:57:28,Closed,133,31005.7,2025-06-11 10:57:28,19
KMRL_34,520,13,18183.83,2026-05-21 10:57:28,2026-08-30 10:57:28,2026-06-23 10:57:28,Closed,420,46150.97,2025-06-30 10:57:28,37
KMRL_35,1766,21,43861.89,2025-12-13 10:57:28,2026-08-24 10:57:28,2025-11-05 10:57:28,Closed,42,45313.08,2025-06-21 10:57:28,8
KMRL_36,1052,11,22419.84,2025-10-09 10:57:28,2026-01-28 10:57:28,2025-11-28 10:57:28,Closed,359,92237.52,2025-08-28 10:57:28,8
KMRL_37,1856,10,20715.83,2025-10-15 10:57:28,2025-11-05 10:57:28,2026-09-03 10:57:28,Closed,296,55468.55,2025-08-29 10:57:28,40
KMRL_38,1929,14,42548.81,2026-01-27 10:57:28,2025-12-05 10:57:28,2025-10-02 10:57:28,Open,421,85179.91,2025-07-19 10:57:28,4
KMRL_39,1030,17,20362.11,2026-01-31 10:57:28,2026-06-12 10:57:28,2026-05-12 10:57:28,Closed,307,98524.81,2025-06-13 10:57:28,14
KMRL_40,605,10,36966.96,2026-08-17 10:57:28,2026-04-05 10:57:28,2025-12-23 10:57:28,Closed,377,17104.51,2025-05-23 10:57:28,1
KMRL_41,1105,24,45849.18,2026-08-28 10:57:28,2026-03-07 10:57:28,2025-11-08 10:57:28,Closed,267,67054.36,2025-06-22 10:57:28,7
KMRL_42,1449,14,22557.58,2025-11-29 10:57:28,2026-08-01 10:57:28,2025-10-21 10:57:28,Closed,226,30138.01,2025-08-12 10:57:28,11
KMRL_43,1480,24,29396.76,2026-04-03 10:57:28,2026-03-08 10:57:28,2025-12-11 10:57:28,Open,319,61763.68,2025-06-19 10:57:28,1
KMRL_44,1427,12,29789.5,2025-12-12 10:57:28,2025-11-04 10:57:28,2025-10-14 10:57:28,Closed,346,72084.74,2025-06-24 10:57:28,40
KMRL_45,872,11,28380.14,2026-02-07 10:57:28,2025-12-06 10:57:28,2026-03-04 10:57:28,Closed,160,53380.14,2025-08-25 10:57:28,18
KMRL_46,1326,24,12582.6,2025-12-17 10:57:28,2026-06-12 10:57:28,2026-06-16 10:57:28,Closed,498,77384.81,2025-08-15 10:57:28,29
KMRL_47,1125,15,49371.09,2026-01-07 10:57:28,2026-06-06 10:57:28,2026-02-19 10:57:28,Closed,313,33011.48,2025-08-20 10:57:28,9
KMRL_48,987,20,33907.31,2026-04-20 10:57:28,2026-03-18 10:57:28,2025-12-20 10:57:28,Open,57,56611.02,2025-09-01 10:57:28,1
KMRL_49,1538,15,31588.94,2025-11-04 10:57:28,2026-09-04 10:57:28,2025-10-08 10:57:28,Closed,308,54552.69,2025-05-24 10:57:28,10
KMRL_50,771,16,10779.09,2026-05-05 10:57:28,2025-11-07 10:57:28,2026-04-17 10:57:28,Closed,269,51621.49,2025-05-28 10:57:28,34
KMRL_51,686,10,25914.9,2025-12-16 10:57:28,2026-05-09 10:57:28,2026-05-08 10:57:28,Open,368,50629.56,2025-08-17 10:57:28,8
KMRL_52,1756,20,19182.94,2026-06-23 10:57:28,2025-10-27 10:57:28,2026-05-31 10:57:28,Closed,41,60405.62,2025-08-10 10:57:28,39
KMRL_53,558,14,40444.37,2026-04-05 10:57:28,2026-01-28 10:57:28,2026-06-25 10:57:28,Closed,156,24751.97,2025-05-25 10:57:28,32
KMRL_54,1128,21,39512.5,2026-06-24 10:57:28,2026-03-25 10:57:28,2026-08-28 10:57:28,Closed,427,46171.38,2025-08-17 10:57:28,10
KMRL_55,724,21,42401.23,2026-07-09 10:57:28,2025-11-27 10:57:28,2026-02-07 10:57:28,Open,24,39224.08,2025-07-09 10:57:28,28
KMRL_56,547,14,44103.33,2026-08-15 10:57:28,2026-06-03 10:57:28,2025-12-07 10:57:28,Closed,343,38292.99,2025-06-02 10:57:28,21
KMRL_57,742,16,20142.08,2025-10-09 10:57:28,2026-09-03 10:57:28,2026-03-26 10:57:28,Closed,222,63170.18,2025-08-07 10:57:28,2
KMRL_58,824,18,20041.58,2025-10-15 10:57:28,2025-10-08 10:57:28,2026-07-28 10:57:28,Closed,5,62325.69,2025-08-22 10:57:28,13
KMRL_59,1889,17,49638.76,2026-01-23 10:57:28,2025-10-24 10:57:28,2025-10-28 10:57:28,Closed,150,87207.2,2025-06-06 10:57:28,14
KMRL_60,1363,22,33123.99,2025-11-07 10:57:28,2026-08-05 10:57:28,2025-12-07 10:57:28,Closed,223,16740.36,2025-09-17 10:57:28,29
KMRL_61,1509,24,37630.36,2025-11-12 10:57:28,2025-12-06 10:57:28,2026-01-26 10:57:28,Closed,247,48427.03,2025-08-25 10:57:28,7
KMRL_62,832,11,18482.47,2025-12-16 10:57:28,2026-06-30 10:57:28,2026-02-08 10:57:28,Closed,68,56297.01,2025-08-20 10:57:28,20
KMRL_63,825,18,17770.21,2026-05-21 10:57:28,2025-10-28 10:57:28,2025-12-04 10:57:28,Closed,3,82425.18,2025-09-15 10:57:28,38
KMRL_64,1987,17,24768.18,2026-07-08 10:57:28,2025-12-11 10:57:28,2026-07-20 10:57:28,Closed,9,96982.7,2025-09-04 10:57:28,27
KMRL_65,1949,13,21116.85,2026-05-21 10:57:28,2026-01-22 10:57:28,2026-09-09 10:57:28,Open,348,92666.97,2025-08-16 10:57:28,38
KMRL_66,1319,23,49662.49,2026-04-27 10:57:28,2026-06-14 10:57:28,2026-06-02 10:57:28,Closed,105,21543.27,2025-07-16 10:57:28,5
KMRL_67,1201,11,18680.43,2026-05-06 10:57:28,2026-06-04 10:57:28,2026-08-15 10:57:28,Closed,84,12288.41,2025-09-02 10:57:28,5
KMRL_68,651,19,34299.37,2026-08-14 10:57:28,2026-03-13 10:57:28,2025-10-01 10:57:28,Closed,217,34605.94,2025-09-01 10:57:28,14
KMRL_69,1045,24,10040.69,2026-06-04 10:57:28,2026-07-11 10:57:28,2025-10-20 10:57:28,Closed,88,28079.21,2025-08-16 10:57:28,33
KMRL_70,1618,19,16697.01,2026-07-30 10:57:28,2026-03-09 10:57:28,2026-01-29 10:57:28,Closed,248,45798.2,2025-07-09 10:57:28,16
KMRL_71,1432,14,25825.79,2026-01-12 10:57:28,2026-07-25 10:57:28,2025-12-28 10:57:28,Closed,444,67786.79,2025-07-16 10:57:28,31
KMRL_72,1682,19,31331.05,2026-05-31 10:57:28,2026-02-28 10:57:28,2026-05-11 10:57:28,Open,145,13731.19,2025-06-09 10:57:28,15
KMRL_73,620,13,32167.85,2025-12-17 10:57:28,2026-02-22 10:57:28,2026-03-04 10:57:28,Open,300,92817.62,2025-06-08 10:57:28,24
KMRL_74,1205,16,40928.45,2025-12-12 10:57:28,2025-12-27 10:57:28,2026-06-08 10:57:28,Closed,42,49414.59,2025-06-23 10:57:28,34
KMRL_75,1450,24,44187.73,2026-02-09 10:57:28,2026-09-15 10:57:28,2026-07-04 10:57:28,Closed,470,76999.04,2025-08-23 10:57:28,16
KMRL_76,527,11,27210.63,2026-03-16 10:57:28,2025-11-21 10:57:28,2026-06-05 10:57:28,Closed,306,98961.75,2025-05-31 10:57:28,33
KMRL_77,1580,14,23450.6,2026-09-12 10:57:28,2026-09-08 10:57:28,2026-01-09 10:57:28,Closed,254,55583.62,2025-06-21 10:57:28,1
KMRL_78,1328,20,41293.61,2026-09-10 10:57:28,2026-03-08 10:57:28,2026-01-07 10:57:28,Closed,130,57375.77,2025-09-12 10:57:28,20
KMRL_79,581,12,33507.76,2025-10-09 10:57:28,2026-04-04 10:57:28,2025-11-30 10:57:28,Closed,170,26550.5,2025-06-30 10:57:28,32
KMRL_80,1183,19,27630.9,2026-06-15 10:57:28,2026-01-05 10:57:28,2026-07-12 10:57:28,Closed,88,63181.53,2025-06-01 10:57:28,17
KMRL_81,1515,23,26601.26,2026-04-28 10:57:28,2026-04-18 10:57:28,2026-07-24 10:57:28,Closed,482,81868.73,2025-08-10 10:57:28,11
KMRL_82,749,22,29690.28,2025-09-30 10:57:28,2025-10-08 10:57:28,2025-10-08 10:57:28,Closed,159,79901.31,2025-06-29 10:57:28,26
KMRL_83,1078,10,23170.11,2025-12-17 10:57:28,2026-03-31 10:57:28,2026-07-31 10:57:28,Closed,266,71693.36,2025-08-15 10:57:28,40
KMRL_84,1204,10,34693.47,2025-12-17 10:57:28,2026-07-08 10:57:28,2025-10-31 10:57:28,Closed,205,72564.47,2025-07-03 10:57:28,6
KMRL_85,1231,12,15013.44,2026-08-21 10:57:28,2026-06-18 10:57:28,2026-07-05 10:57:28,Closed,136,21502.47,2025-08-15 10:57:28,26
KMRL_86,1384,15,13059.41,2026-03-16 10:57:28,2025-10-25 10:57:28,2026-09-11 10:57:28,Open,267,76370.66,2025-09-06 10:57:28,38
KMRL_87,673,15,35922.39,2026-03-13 10:57:28,2026-04-14 10:57:28,2026-04-22 10:57:28,Closed,399,71226.96,2025-07-19 10:57:28,26
KMRL_88,1030,11,28755.29,2026-01-26 10:57:28,2026-01-03 10:57:28,2025-10-29 10:57:28,Closed,1,39578.92,2025-07-10 10:57:28,1
KMRL_89,1976,13,31767.79,2026-03-30 10:57:28,2026-04-29 10:57:28,2026-01-28 10:57:28,Open,186,73842.19,2025-06-29 10:57:28,32
KMRL_90,1658,14,10296.67,2026-05-08 10:57:28,2026-07-31 10:57:28,2026-08-23 10:57:28,Closed,384,37827.89,2025-09-06 10:57:28,2
KMRL_91,770,15,37432.3,2026-03-06 10:57:28,2026-08-04 10:57:28,2026-07-14 10:57:28,Closed,485,98463.02,2025-06-08 10:57:28,29
KMRL_92,1100,24,32588.86,2026-02-08 10:57:28,2025-12-15 10:57:28,2025-10-09 10:57:28,Closed,253,24756.77,2025-08-07 10:57:28,19
KMRL_93,1368,14,31063.99,2026-06-05 10:57:28,2026-06-04 10:57:28,2026-07-03 10:57:28,Closed,29,76512.9,2025-08-16 10:57:28,9
KMRL_94,942,18,36522.63,2026-08-03 10:57:28,2025-11-11 10:57:28,2026-06-20 10:57:28,Closed,5,83180.15,2025-08-11 10:57:28,16
KMRL_95,1572,18,22244.18,2026-09-02 10:57:28,2026-03-10 10:57:28,2026-01-05 10:57:28,Closed,477,85998.44,2025-06-05 10:57:28,3
KMRL_96,1571,19,10800.67,2026-01-05 10:57:28,2026-09-09 10:57:28,2025-12-05 10:57:28,Closed,215,63478.78,2025-08-29 10:57:28,36
KMRL_97,615,21,13509.15,2026-06-18 10:57:28,2026-02-26 10:57:28,2026-07-22 10:57:28,Open,303,80063.83,2025-08-06 10:57:28,15
KMRL_98,693,19,29233.84,2025-12-23 10:57:28,2025-11-27 10:57:28,2025-12-23 10:57:28,Closed,108,85713.13,2025-06-04 10:57:28,24
KMRL_99,1481,18,23216.12,2025-11-23 10:57:28,2025-10-02 10:57:28,2026-06-28 10:57:28,Closed,239,55628.77,2025-08-03 10:57:28,10
KMRL_100,1393,10,18988.87,2026-09-14 10:57:28,2026-08-27 10:57:28,2025-11-04 10:57:28,Closed,380,64350.82,2025-06-05 10:57:28,29
KMRL_101,1930,17,14319.95,2026-04-06 10:57:28,2026-02-15 10:57:28,2026-01-14 10:57:28,Closed,234,76821.91,2025-07-14 10:57:28,2
KMRL_102,1483,17,36763.89,2026-01-31 10:57:28,2025-11-14 10:57:28,2026-09-11 10:57:28,Closed,474,80704.75,2025-09-01 10:57:28,13
KMRL_103,682,18,11643.47,2026-01-08 10:57:28,2026-08-30 10:57:28,2025-11-19 10:57:28,Closed,469,91603.94,2025-06-01 10:57:28,4
KMRL_104,1320,10,14431.8,2026-07-27 10:57:28,2026-07-26 10:57:28,2026-04-24 10:57:28,Closed,420,45790.57,2025-09-15 10:57:28,26
KMRL_105,1458,15,22858.42,2026-01-28 10:57:28,2026-04-04 10:57:28,2025-12-21 10:57:28,Open,487,55547.72,2025-05-30 10:57:28,25
KMRL_106,1045,22,22502.26,2025-11-16 10:57:28,2026-02-02 10:57:28,2026-02-15 10:57:28,Closed,157,56230.51,2025-05-26 10:57:28,12
KMRL_107,1766,11,38388.41,2026-07-26 10:57:28,2026-03-31 10:57:28,2026-08-20 10:57:28,Open,455,86027.84,2025-08-02 10:57:28,35
KMRL_108,1033,17,32279.15,2026-06-27 10:57:28,2026-05-22 10:57:28,2026-09-12 10:57:28,Closed,429,72935.86,2025-06-10 10:57:28,33
KMRL_109,1163,11,39033.26,2026-03-29 10:57:28,2026-08-25 10:57:28,2026-03-24 10:57:28,Open,207,85486.86,2025-07-27 10:57:28,7
KMRL_110,544,15,28138.42,2026-09-09 10:57:28,2026-05-31 10:57:28,2026-05-15 10:57:28,Closed,13,20391.55,2025-06-08 10:57:28,14
KMRL_111,1556,22,40512.72,2026-07-28 10:57:28,2026-07-05 10:57:28,2026-02-13 10:57:28,Closed,69,93448.83,2025-09-02 10:57:28,29
KMRL_112,967,13,43302.26,2026-04-01 10:57:28,2026-01-30 10:57:28,2025-11-03 10:57:28,Closed,376,48826.09,2025-09-06 10:57:28,8
KMRL_113,559,24,27661.28,2026-08-03 10:57:28,2026-06-13 10:57:28,2026-06-12 10:57:28,Closed,329,18566.91,2025-07-29 10:57:28,12
KMRL_114,1098,11,34849.57,2026-06-13 10:57:28,2026-09-14 10:57:28,2025-12-17 10:57:28,Open,104,13619.33,2025-09-08 10:57:28,24
KMRL_115,1543,23,32466.87,2026-03-12 10:57:28,2026-07-06 10:57:28,2025-11-30 10:57:28,Closed,264,49378.58,2025-06-12 10:57:28,1
KMRL_116,610,20,26389.58,2026-02-13 10:57:28,2026-02-03 10:57:28,2026-01-13 10:57:28,Open,348,76149.92,2025-05-24 10:57:28,10
KMRL_117,1105,16,19917.83,2026-03-18 10:57:28,2026-01-14 10:57:28,2025-11-01 10:57:28,Closed,227,62583.55,2025-09-02 10:57:28,34
KMRL_118,582,17,13860.09,2026-05-26 10:57:28,2025-09-21 10:57:28,2026-07-04 10:57:28,Closed,168,53322.49,2025-09-08 10:57:28,18
KMRL_119,1882,14,48421.22,2025-10-26 10:57:28,2026-05-09 10:57:28,2026-01-12 10:57:28,Closed,293,91526.42,2025-05-31 10:57:28,3
KMRL_120,1826,20,20557.72,2026-05-14 10:57:28,2025-10-13 10:57:28,2026-06-27 10:57:28,Closed,283,46359.52,2025-07-08 10:57:28,30
KMRL_121,1396,19,32631.45,2026-02-04 10:57:28,2026-09-12 10:57:28,2026-07-14 10:57:28,Closed,347,89436.81,2025-09-17 10:57:28,24
KMRL_122,1737,18,21923.92,2026-02-25 10:57:28,2026-01-03 10:57:28,2026-02-26 10:57:28,Closed,145,53981.69,2025-09-02 10:57:28,28
KMRL_123,1031,13,22810.56,2026-02-19 10:57:28,2026-02-02 10:57:28,2026-07-05 10:57:28,Open,319,99956.57,2025-07-19 10:57:28,36
KMRL_124,1643,18,19396.22,2025-10-03 10:57:28,2025-10-25 10:57:28,2025-09-22 10:57:28,Closed,31,66619.07,2025-06-24 10:57:28,35
KMRL_125,1972,10,20444.78,2026-05-05 10:57:28,2025-11-10 10:57:28,2026-07-23 10:57:28,Closed,60,97805.75,2025-07-13 10:57:28,19
KMRL_126,1321,17,29579.09,2025-12-06 10:57:28,2026-04-14 10:57:28,2026-07-04 10:57:28,Closed,492,61249.06,2025-06-01 10:57:28,23
KMRL_127,606,22,10170.15,2025-11-11 10:57:28,2026-03-12 10:57:28,2026-03-13 10:57:28,Closed,124,46502.0,2025-07-10 10:57:28,34
KMRL_128,1831,11,29411.87,2025-10-07 10:57:28,2025-09-29 10:57:28,2026-09-16 10:57:28,Closed,170,88960.46,2025-07-12 10:57:28,30
KMRL_129,541,13,16606.78,2026-08-15 10:57:28,2026-05-01 10:57:28,2025-10-16 10:57:28,Closed,332,50326.55,2025-09-12 10:57:28,35
KMRL_130,647,20,45491.87,2026-03-29 10:57:28,2026-04-02 10:57:28,2026-05-04 10:57:28,Open,194,10125.52,2025-08-20 10:57:28,23
KMRL_131,1297,13,45505.04,2026-01-12 10:57:28,2026-01-18 10:57:28,2026-07-07 10:57:28,Closed,257,16236.46,2025-07-19 10:57:28,15
KMRL_132,1717,13,28596.73,2026-01-06 10:57:28,2025-12-13 10:57:28,2026-03-31 10:57:28,Closed,407,87796.24,2025-08-11 10:57:28,14
KMRL_133,1000,18,47429.03,2026-01-30 10:57:28,2026-05-05 10:57:28,2026-05-31 10:57:28,Closed,49,50342.96,2025-08-02 10:57:28,20
KMRL_134,1267,15,28016.55,2026-06-23 10:57:28,2026-05-26 10:57:28,2026-02-01 10:57:28,Closed,334,12195.49,2025-08-28 10:57:28,30
KMRL_135,1691,23,44191.48,2026-07-13 10:57:28,2026-07-11 10:57:28,2026-05-22 10:57:28,Open,271,38882.02,2025-07-22 10:57:28,27
KMRL_136,1321,13,36314.21,2025-11-08 10:57:28,2025-11-18 10:57:28,2025-12-09 10:57:28,Closed,347,87650.24,2025-08-12 10:57:28,14
KMRL_137,804,10,43773.53,2026-01-28 10:57:28,2026-08-07 10:57:28,2025-10-19 10:57:28,Open,251,17574.23,2025-08-03 10:57:28,39
KMRL_138,1455,12,38621.72,2025-11-06 10:57:28,2025-10-29 10:57:28,2026-08-14 10:57:28,Open,100,25341.4,2025-06-18 10:57:28,24
KMRL_139,914,17,35550.61,2026-02-14 10:57:28,2026-05-05 10:57:28,2026-07-16 10:57:28,Open,3,60599.26,2025-05-30 10:57:28,14
KMRL_140,747,16,33982.25,2026-01-01 10:57:28,2026-06-13 10:57:28,2025-10-27 10:57:28,Closed,473,59525.69,2025-06-04 10:57:28,23
KMRL_141,1690,18,11722.96,2026-08-05 10:57:28,2026-05-17 10:57:28,2026-07-04 10:57:28,Closed,153,56980.35,2025-08-10 10:57:28,27
KMRL_142,878,16,46003.45,2025-11-21 10:57:28,2025-10-08 10:57:28,2025-12-09 10:57:28,Closed,157,69848.7,2025-06-17 10:57:28,25
KMRL_143,895,21,21037.74,2025-11-24 10:57:28,2025-09-29 10:57:28,2026-01-08 10:57:28,Open,42,87948.13,2025-08-03 10:57:28,35
KMRL_144,1371,16,44837.15,2026-01-17 10:57:28,2026-08-19 10:57:28,2026-05-22 10:57:28,Open,92,62869.05,2025-06-03 10:57:28,18
KMRL_145,1674,23,21025.33,2026-05-26 10:57:28,2025-10-14 10:57:28,2025-11-01 10:57:28,Closed,344,19608.57,2025-06-18 10:57:28,32
KMRL_146,1898,22,19865.95,2026-02-03 10:57:28,2026-08-14 10:57:28,2026-03-21 10:57:28,Closed,163,71546.57,2025-05-25 10:57:28,11
KMRL_147,1507,13,21276.52,2026-01-25 10:57:28,2025-12-01 10:57:28,2026-05-12 10:57:28,Closed,15,68946.1,2025-07-03 10:57:28,5
KMRL_148,933,22,19577.41,2026-05-06 10:57:28,2026-06-08 10:57:28,2026-06-26 10:57:28,Closed,328,42096.61,2025-08-06 10:57:28,11
KMRL_149,1418,22,49522.14,2026-03-20 10:57:28,2026-03-16 10:57:28,2026-05-08 10:57:28,Closed,21,35833.73,2025-08-22 10:57:28,39
KMRL_150,1090,16,45602.05,2026-07-08 10:57:28,2026-06-07 10:57:28,2026-08-08 10:57:28,Closed,339,23802.5,2025-07-19 10:57:28,5
KMRL_151,1891,19,26711.91,2025-12-30 10:57:28,2026-09-11 10:57:28,2026-01-18 10:57:28,Closed,262,17284.83,2025-09-09 10:57:28,13
KMRL_152,921,10,17811.71,2026-08-01 10:57:28,2026-05-17 10:57:28,2026-07-23 10:57:28,Closed,417,30657.02,2025-08-15 10:57:28,34
KMRL_153,1740,15,41961.57,2026-08-14 10:57:28,2026-06-25 10:57:28,2025-12-14 10:57:28,Open,443,71432.77,2025-09-12 10:57:28,16
KMRL_154,1414,14,31297.36,2025-12-08 10:57:28,2025-11-02 10:57:28,2026-03-23 10:57:28,Open,362,10464.56,2025-09-05 10:57:28,34
KMRL_155,1456,22,26192.48,2026-01-23 10:57:28,2026-04-18 10:57:28,2026-04-07 10:57:28,Closed,446,28303.06,2025-07-09 10:57:28,6
KMRL_156,508,13,19541.64,2026-05-22 10:57:28,2025-11-09 10:57:28,2026-08-02 10:57:28,Closed,426,85539.37,2025-09-14 10:57:28,24
KMRL_157,1624,24,28854.42,2026-03-01 10:57:28,2026-01-21 10:57:28,2026-05-21 10:57:28,Closed,92,13719.35,2025-08-22 10:57:28,8
KMRL_158,749,14,32455.51,2026-08-16 10:57:28,2026-06-18 10:57:28,2026-01-18 10:57:28,Open,476,37258.28,2025-09-07 10:57:28,14
KMRL_159,1473,24,17019.01,2026-07-14 10:57:28,2025-12-31 10:57:28,2026-05-17 10:57:28,Open,85,68499.07,2025-08-26 10:57:28,19
KMRL_160,1489,13,33716.18,2026-05-12 10:57:28,2026-06-14 10:57:28,2025-09-27 10:57:28,Closed,110,21612.53,2025-08-26 10:57:28,28
KMRL_161,1144,16,41663.3,2025-10-10 10:57:28,2025-12-24 10:57:28,2026-09-02 10:57:28,Closed,99,25656.15,2025-09-10 10:57:28,5
KMRL_162,1747,16,33955.23,2026-07-14 10:57:28,2026-01-12 10:57:28,2026-05-08 10:57:28,Closed,14,50378.71,2025-08-01 10:57:28,38
KMRL_163,830,24,44852.91,2026-07-29 10:57:28,2026-04-18 10:57:28,2026-01-07 10:57:28,Open,39,17272.31,2025-06-09 10:57:28,11
KMRL_164,899,16,41973.38,2026-05-10 10:57:28,2026-08-24 10:57:28,2026-07-28 10:57:28,Open,420,11691.72,2025-05-23 10:57:28,30
KMRL_165,1033,17,11546.07,2026-03-17 10:57:28,2026-03-31 10:57:28,2025-12-20 10:57:28,Closed,290,24204.17,2025-07-03 10:57:28,35
KMRL_166,1636,24,36207.19,2026-06-25 10:57:28,2025-12-06 10:57:28,2026-05-23 10:57:28,Closed,404,91023.62,2025-08-29 10:57:28,24
KMRL_167,1401,23,42299.82,2026-03-15 10:57:28,2025-09-21 10:57:28,2026-02-25 10:57:28,Open,65,34165.04,2025-07-02 10:57:28,5
KMRL_168,1302,23,12941.18,2026-06-25 10:57:28,2026-09-08 10:57:28,2026-01-23 10:57:28,Closed,451,40147.05,2025-07-22 10:57:28,9
KMRL_169,999,23,16111.87,2025-09-25 10:57:28,2026-06-19 10:57:28,2026-02-17 10:57:28,Closed,21,17935.14,2025-06-13 10:57:28,23
KMRL_170,1023,15,45269.54,2026-04-29 10:57:28,2026-01-08 10:57:28,2026-04-28 10:57:28,Closed,183,23715.32,2025-08-21 10:57:28,36
KMRL_171,1016,16,47205.19,2026-06-02 10:57:28,2026-04-14 10:57:28,2026-03-11 10:57:28,Closed,424,24437.5,2025-09-14 10:57:28,7
KMRL_172,1431,14,15869.15,2025-10-04 10:57:28,2026-07-05 10:57:28,2025-11-20 10:57:28,Closed,238,83224.08,2025-07-08 10:57:28,9
KMRL_173,1046,22,40548.2,2025-10-22 10:57:28,2026-05-04 10:57:28,2025-09-21 10:57:28,Open,384,53399.33,2025-06-15 10:57:28,34
KMRL_174,1476,18,47646.1,2026-01-02 10:57:28,2026-05-15 10:57:28,2026-01-14 10:57:28,Closed,144,72295.23,2025-06-19 10:57:28,23
KMRL_175,1754,18,25020.24,2025-12-17 10:57:28,2026-01-15 10:57:28,2026-03-12 10:57:28,Open,191,50080.96,2025-08-15 10:57:28,13
KMRL_176,1099,18,29093.07,2025-11-30 10:57:28,2026-05-24 10:57:28,2026-01-15 10:57:28,Closed,281,75290.58,2025-09-08 10:57:28,3
KMRL_177,1331,14,10389.4,2026-08-10 10:57:28,2026-06-22 10:57:28,2025-12-21 10:57:28,Closed,13,20991.36,2025-08-18 10:57:28,23
KMRL_178,1207,13,27435.32,2025-12-21 10:57:28,2025-10-04 10:57:28,2026-04-18 10:57:28,Closed,141,92437.16,2025-07-19 10:57:28,36
KMRL_179,1825,14,49997.96,2026-06-01 10:57:28,2026-03-29 10:57:28,2026-05-15 10:57:28,Closed,150,69220.55,2025-06-22 10:57:28,2
KMRL_180,1428,10,15272.83,2025-10-30 10:57:28,2026-03-02 10:57:28,2025-12-30 10:57:28,Closed,263,11613.25,2025-06-24 10:57:28,5
KMRL_181,1554,14,49261.92,2026-06-30 10:57:28,2026-04-01 10:57:28,2026-04-04 10:57:28,Closed,27,79677.06,2025-07-08 10:57:28,32
KMRL_182,1063,23,29483.23,2026-03-21 10:57:28,2026-07-27 10:57:28,2026-06-11 10:57:28,Open,84,75365.93,2025-07-15 10:57:28,12
KMRL_183,734,17,19923.63,2026-01-27 10:57:28,2025-11-01 10:57:28,2025-12-15 10:57:28,Closed,287,61628.27,2025-07-17 10:57:28,13
KMRL_184,949,16,16080.52,2026-06-25 10:57:28,2026-06-18 10:57:28,2025-10-04 10:57:28,Closed,190,83463.02,2025-08-21 10:57:28,19
KMRL_185,964,15,13533.68,2025-12-16 10:57:28,2026-08-18 10:57:28,2026-08-20 10:57:28,Closed,201,63853.27,2025-07-14 10:57:28,30
KMRL_186,1578,15,23386.26,2026-07-25 10:57:28,2025-09-25 10:57:28,2025-10-09 10:57:28,Closed,298,30516.36,2025-08-11 10:57:28,10
KMRL_187,835,14,40671.72,2025-10-21 10:57:28,2026-01-09 10:57:28,2025-12-26 10:57:28,Closed,477,44084.91,2025-08-02 10:57:28,29
KMRL_188,644,18,31526.45,2026-07-19 10:57:28,2026-08-05 10:57:28,2025-11-26 10:57:28,Closed,97,41168.63,2025-08-25 10:57:28,17
KMRL_189,1197,11,36551.57,2025-10-22 10:57:28,2026-02-12 10:57:28,2026-09-09 10:57:28,Closed,471,40455.75,2025-06-12 10:57:28,7
KMRL_190,1947,22,11031.74,2026-04-19 10:57:28,2026-08-30 10:57:28,2025-10-11 10:57:28,Closed,5,86397.24,2025-07-16 10:57:28,22
KMRL_191,1296,22,24911.43,2025-12-04 10:57:28,2025-12-20 10:57:28,2026-05-26 10:57:28,Closed,258,35233.07,2025-06-10 10:57:28,35
KMRL_192,1079,19,46197.87,2026-05-22 10:57:28,2025-10-15 10:57:28,2026-07-18 10:57:28,Closed,112,24549.51,2025-07-05 10:57:28,9
KMRL_193,602,14,12054.38,2025-12-27 10:57:28,2025-12-08 10:57:28,2025-10-27 10:57:28,Closed,77,99482.31,2025-09-09 10:57:28,27
KMRL_194,1785,17,39659.06,2025-12-16 10:57:28,2025-10-05 10:57:28,2025-10-28 10:57:28,Closed,358,65472.23,2025-07-12 10:57:28,24
KMRL_195,1255,17,44974.85,2025-11-02 10:57:28,2025-12-07 10:57:28,2025-10-03 10:57:28,Closed,34,71693.11,2025-08-10 10:57:28,27
KMRL_196,1079,17,17135.39,2026-05-17 10:57:28,2026-03-20 10:57:28,2026-08-31 10:57:28,Closed,230,24769.68,2025-06-03 10:57:28,14
KMRL_197,1887,23,45385.08,2026-02-23 10:57:28,2026-04-12 10:57:28,2026-05-30 10:57:28,Closed,247,24878.22,2025-07-18 10:57:28,1
KMRL_198,1605,18,12394.45,2025-10-20 10:57:28,2026-02-15 10:57:28,2025-11-09 10:57:28,Closed,283,45468.51,2025-07-21 10:57:28,10
KMRL_199,1179,14,46767.98,2026-09-11 10:57:28,2026-06-04 10:57:28,2026-08-01 10:57:28,Closed,119,82583.8,2025-08-04 10:57:28,1
KMRL_200,784,17,11952.62,2026-03-02 10:57:28,2026-06-11 10:57:28,2026-01-01 10:57:28,Closed,76,35915.45,2025-07-21 10:57:28,23
KMRL_201,577,14,42229.64,2026-04-03 10:57:28,2026-09-03 10:57:28,2026-04-23 10:57:28,Closed,326,80861.03,2025-08-21 10:57:28,33
KMRL_202,983,14,49660.23,2025-12-16 10:57:28,2025-09-20 10:57:28,2026-04-28 10:57:28,Closed,358,95385.62,2025-07-25 10:57:28,10
KMRL_203,1678,24,46034.52,2026-07-03 10:57:28,2026-04-22 10:57:28,2026-05-21 10:57:28,Closed,431,30240.31,2025-07-12 10:57:28,11
KMRL_204,889,14,42743.18,2025-10-05 10:57:28,2026-01-04 10:57:28,2026-03-06 10:57:28,Closed,207,99740.07,2025-08-01 10:57:28,4
KMRL_205,659,19,25156.54,2025-10-28 10:57:28,2025-12-30 10:57:28,2025-10-23 10:57:28,Closed,352,69974.23,2025-08-17 10:57:28,14
KMRL_206,1717,13,42629.65,2026-09-04 10:57:28,2025-09-25 10:57:28,2026-04-13 10:57:28,Closed,233,13998.57,2025-06-04 10:57:28,28
KMRL_207,637,24,35201.81,2025-11-21 10:57:28,2026-01-05 10:57:28,2026-04-19 10:57:28,Closed,480,47348.3,2025-07-09 10:57:28,7
KMRL_208,1003,12,25630.8,2026-01-29 10:57:28,2026-01-24 10:57:28,2026-08-09 10:57:28,Closed,471,10712.2,2025-06-29 10:57:28,31
KMRL_209,609,16,45384.86,2026-05-01 10:57:28,2026-04-27 10:57:28,2026-01-27 10:57:28,Closed,489,92307.0,2025-05-28 10:57:28,38
KMRL_210,1246,12,36070.17,2025-11-14 10:57:28,2025-10-13 10:57:28,2026-03-06 10:57:28,Closed,264,12879.78,2025-09-04 10:57:28,10
KMRL_211,1340,12,28043.31,2025-10-20 10:57:28,2026-07-10 10:57:28,2026-09-17 10:57:28,Closed,243,89801.54,2025-07-26 10:57:28,40
KMRL_212,1932,20,35807.29,2025-12-10 10:57:28,2025-09-29 10:57:28,2026-05-17 10:57:28,Closed,480,12234.85,2025-08-07 10:57:28,15
KMRL_213,627,15,27561.35,2026-02-13 10:57:28,2026-09-09 10:57:28,2026-04-18 10:57:28,Open,314,40269.41,2025-06-27 10:57:28,31
KMRL_214,1090,12,11297.14,2026-01-12 10:57:28,2026-09-11 10:57:28,2026-02-06 10:57:28,Closed,371,72363.74,2025-06-20 10:57:28,36
KMRL_215,1551,17,44480.95,2026-05-28 10:57:28,2026-02-19 10:57:28,2026-07-03 10:57:28,Open,486,96831.93,2025-08-20 10:57:28,19
KMRL_216,1736,19,29529.88,2026-08-31 10:57:28,2026-05-17 10:57:28,2025-10-28 10:57:28,Closed,404,97207.14,2025-08-19 10:57:28,15
KMRL_217,1061,11,16584.25,2026-03-24 10:57:28,2025-11-19 10:57:28,2026-07-19 10:57:28,Closed,129,95541.69,2025-09-05 10:57:28,21
KMRL_218,1045,17,25776.54,2026-07-11 10:57:28,2026-06-04 10:57:28,2025-10-31 10:57:28,Closed,62,38876.16,2025-07-14 10:57:28,30
KMRL_219,1503,22,10968.11,2026-02-26 10:57:28,2026-05-29 10:57:28,2026-04-23 10:57:28,Open,61,83785.68,2025-09-10 10:57:28,17
KMRL_220,1485,19,25774.56,2026-04-16 10:57:28,2025-11-09 10:57:28,2026-02-10 10:57:28,Closed,234,43916.74,2025-07-29 10:57:28,23
KMRL_221,1660,14,33994.69,2025-10-02 10:57:28,2025-11-07 10:57:28,2026-07-13 10:57:28,Closed,370,15233.56,2025-09-10 10:57:28,25
KMRL_222,1776,12,12768.48,2026-04-09 10:57:28,2025-11-29 10:57:28,2026-01-21 10:57:28,Closed,372,38115.67,2025-08-04 10:57:28,6
KMRL_223,641,12,31392.86,2026-03-30 10:57:28,2025-12-16 10:57:28,2026-05-30 10:57:28,Closed,441,17015.78,2025-08-16 10:57:28,7
KMRL_224,1870,23,22167.71,2026-03-14 10:57:28,2026-06-05 10:57:28,2026-02-16 10:57:28,Closed,499,92772.61,2025-08-03 10:57:28,28
KMRL_225,1219,22,22663.35,2026-03-01 10:57:28,2026-06-29 10:57:28,2025-11-23 10:57:28,Closed,407,53355.33,2025-05-24 10:57:28,9
KMRL_226,1537,19,17970.2,2026-07-11 10:57:28,2026-02-15 10:57:28,2026-03-10 10:57:28,Closed,371,72300.85,2025-07-26 10:57:28,17
KMRL_227,1069,12,10620.72,2025-11-25 10:57:28,2026-01-31 10:57:28,2026-03-11 10:57:28,Closed,286,87319.49,2025-07-16 10:57:28,11
KMRL_228,818,10,22866.36,2025-11-25 10:57:28,2026-05-05 10:57:28,2026-09-08 10:57:28,Open,300,99602.33,2025-08-22 10:57:28,15
KMRL_229,1236,18,41214.01,2025-10-22 10:57:28,2025-09-21 10:57:28,2026-08-30 10:57:28,Closed,35,19122.21,2025-06-06 10:57:28,32
KMRL_230,1079,22,29487.36,2026-08-18 10:57:28,2026-07-11 10:57:28,2025-12-19 10:57:28,Closed,180,38263.67,2025-08-24 10:57:28,3
KMRL_231,1879,17,22226.95,2026-06-07 10:57:28,2025-11-11 10:57:28,2026-08-31 10:57:28,Closed,156,80502.47,2025-08-14 10:57:28,38
KMRL_232,869,17,41096.49,2026-06-09 10:57:28,2026-03-09 10:57:28,2026-08-23 10:57:28,Closed,74,66092.99,2025-07-02 10:57:28,1
KMRL_233,1638,21,33512.12,2026-04-10 10:57:28,2026-04-17 10:57:28,2025-10-25 10:57:28,Closed,155,18215.0,2025-06-16 10:57:28,6
KMRL_234,1757,15,36537.16,2026-08-23 10:57:28,2026-01-03 10:57:28,2026-02-08 10:57:28,Closed,187,64118.49,2025-07-10 10:57:28,33
KMRL_235,962,10,28249.91,2025-10-09 10:57:28,2025-10-02 10:57:28,2026-02-08 10:57:28,Closed,20,61385.12,2025-06-09 10:57:28,34
KMRL_236,836,24,21031.46,2026-04-20 10:57:28,2025-12-21 10:57:28,2026-07-29 10:57:28,Closed,138,63832.0,2025-08-26 10:57:28,5
KMRL_237,1712,17,12374.24,2025-10-24 10:57:28,2026-02-22 10:57:28,2026-02-17 10:57:28,Closed,288,49271.99,2025-06-20 10:57:28,18
KMRL_238,667,22,45881.78,2026-04-12 10:57:28,2025-11-24 10:57:28,2026-06-21 10:57:28,Closed,163,14428.77,2025-09-17 10:57:28,18
KMRL_239,926,17,15823.53,2025-12-24 10:57:28,2026-06-17 10:57:28,2026-08-11 10:57:28,Closed,362,89520.06,2025-06-25 10:57:28,14
KMRL_240,1056,23,45009.7,2026-06-29 10:57:28,2026-05-26 10:57:28,2026-08-03 10:57:28,Closed,23,82382.5,2025-07-09 10:57:28,24
KMRL_241,1559,24,31881.3,2026-02-15 10:57:28,2026-06-28 10:57:28,2026-03-27 10:57:28,Closed,270,97100.41,2025-07-20 10:57:28,2
KMRL_242,509,24,33276.8,2026-01-30 10:57:28,2025-09-29 10:57:28,2026-03-19 10:57:28,Open,131,56061.22,2025-08-09 10:57:28,2
KMRL_243,1991,14,30607.28,2025-09-20 10:57:28,2026-04-03 10:57:28,2026-05-17 10:57:28,Closed,410,75525.77,2025-09-17 10:57:28,22
KMRL_244,961,18,13836.57,2026-06-13 10:57:28,2025-10-02 10:57:28,2025-09-29 10:57:28,Closed,307,65617.28,2025-07-21 10:57:28,27
KMRL_245,1592,17,36419.67,2025-10-27 10:57:28,2026-03-13 10:57:28,2025-12-19 10:57:28,Closed,121,82414.58,2025-09-12 10:57:28,12
KMRL_246,551,24,48659.01,2026-08-08 10:57:28,2026-04-17 10:57:28,2025-09-21 10:57:28,Closed,144,47831.61,2025-08-20 10:57:28,23
KMRL_247,1065,22,39407.87,2025-10-17 10:57:28,2026-05-16 10:57:28,2026-07-31 10:57:28,Open,110,90654.33,2025-07-15 10:57:28,34
KMRL_248,1738,16,22524.14,2026-02-15 10:57:28,2026-08-28 10:57:28,2026-01-21 10:57:28,Closed,10,54962.96,2025-05-26 10:57:28,9
KMRL_249,1697,19,26168.29,2025-10-10 10:57:28,2026-06-15 10:57:28,2026-07-10 10:57:28,Open,309,47191.63,2025-06-08 10:57:28,11
KMRL_250,1576,23,48828.11,2026-02-10 10:57:28,2026-06-18 10:57:28,2025-11-10 10:57:28,Open,7,33980.69,2025-08-08 10:57:28,13
KMRL_251,710,19,26304.33,2026-06-28 10:57:28,2026-03-07 10:57:28,2025-10-02 10:57:28,Closed,21,68952.36,2025-06-13 10:57:28,22
KMRL_252,1302,18,22112.62,2025-10-18 10:57:28,2026-09-12 10:57:28,2026-09-05 10:57:28,Closed,478,86368.43,2025-09-15 10:57:28,31
KMRL_253,664,11,24955.18,2026-01-11 10:57:28,2026-01-09 10:57:28,2025-12-13 10:57:28,Open,59,37532.55,2025-07-29 10:57:28,4
KMRL_254,1490,21,32436.14,2025-11-22 10:57:28,2026-03-05 10:57:28,2025-12-17 10:57:28,Closed,211,58684.86,2025-09-02 10:57:28,30
KMRL_255,1808,10,11216.55,2026-07-08 10:57:28,2025-12-19 10:57:28,2026-06-20 10:57:28,Closed,118,75271.45,2025-08-01 10:57:28,18
KMRL_256,1661,24,16841.03,2026-06-23 10:57:28,2025-10-14 10:57:28,2026-01-16 10:57:28,Closed,294,84337.02,2025-07-04 10:57:28,32
KMRL_257,1418,19,35805.09,2026-07-26 10:57:28,2026-03-18 10:57:28,2026-04-19 10:57:28,Open,206,16289.27,2025-07-27 10:57:28,10
KMRL_258,814,20,27761.54,2026-08-29 10:57:28,2026-07-19 10:57:28,2026-06-26 10:57:28,Closed,59,34056.56,2025-08-16 10:57:28,20
KMRL_259,719,13,48363.19,2026-05-21 10:57:28,2026-01-25 10:57:28,2026-08-20 10:57:28,Open,439,85881.85,2025-09-18 10:57:28,31
KMRL_260,1701,13,39782.82,2026-02-28 10:57:28,2026-09-11 10:57:28,2026-07-22 10:57:28,Closed,60,75797.24,2025-09-07 10:57:28,29
KMRL_261,1650,21,39715.57,2026-05-15 10:57:28,2026-01-14 10:57:28,2026-08-16 10:57:28,Closed,377,31776.76,2025-08-14 10:57:28,20
KMRL_262,597,10,13355.73,2026-08-16 10:57:28,2026-05-06 10:57:28,2026-04-20 10:57:28,Closed,131,92610.03,2025-08-16 10:57:28,32
KMRL_263,566,18,12570.52,2026-02-06 10:57:28,2025-11-01 10:57:28,2026-03-25 10:57:28,Closed,473,97261.37,2025-09-12 10:57:28,27
KMRL_264,887,16,43498.06,2025-12-30 10:57:28,2026-03-31 10:57:28,2025-12-13 10:57:28,Closed,474,62128.38,2025-06-13 10:57:28,26
KMRL_265,1393,19,20187.45,2026-06-21 10:57:28,2026-01-18 10:57:28,2026-05-16 10:57:28,Closed,250,26029.88,2025-09-14 10:57:28,30
KMRL_266,1727,10,19834.22,2026-03-06 10:57:28,2026-06-17 10:57:28,2026-07-05 10:57:28,Closed,69,99756.85,2025-09-14 10:57:28,4
KMRL_267,1955,16,42323.75,2026-01-05 10:57:28,2025-10-17 10:57:28,2025-10-22 10:57:28,Closed,375,86156.51,2025-08-14 10:57:28,39
KMRL_268,943,15,28552.53,2026-05-08 10:57:28,2026-01-21 10:57:28,2026-06-24 10:57:28,Closed,391,74221.91,2025-07-16 10:57:28,37
KMRL_269,1973,10,32956.06,2026-01-31 10:57:28,2025-09-23 10:57:28,2026-08-21 10:57:28,Closed,462,49226.2,2025-05-29 10:57:28,37
KMRL_270,1833,23,38303.74,2026-09-10 10:57:28,2025-12-08 10:57:28,2026-02-28 10:57:28,Open,372,47250.11,2025-06-15 10:57:28,40
KMRL_271,1125,11,24661.08,2025-11-07 10:57:28,2026-06-27 10:57:28,2026-05-18 10:57:28,Closed,371,97725.53,2025-09-03 10:57:28,25
KMRL_272,1930,15,37969.85,2026-09-12 10:57:28,2026-02-19 10:57:28,2025-12-13 10:57:28,Closed,15,38089.99,2025-07-13 10:57:28,36
KMRL_273,1059,16,29800.69,2025-11-04 10:57:28,2026-07-04 10:57:28,2025-12-06 10:57:28,Closed,467,64822.17,2025-07-27 10:57:28,22
KMRL_274,1456,22,37193.58,2025-10-19 10:57:28,2026-02-25 10:57:28,2026-01-30 10:57:28,Closed,68,90266.9,2025-07-16 10:57:28,17
KMRL_275,1227,12,26786.71,2026-04-21 10:57:28,2026-08-24 10:57:28,2026-01-12 10:57:28,Closed,8,59222.06,2025-05-28 10:57:28,40
KMRL_276,1324,21,21043.42,2025-10-26 10:57:28,2026-07-28 10:57:28,2026-07-23 10:57:28,Closed,160,36502.93,2025-07-26 10:57:28,35
KMRL_277,1474,19,19844.94,2026-04-10 10:57:28,2025-11-18 10:57:28,2026-01-31 10:57:28,Closed,389,34808.58,2025-06-24 10:57:28,17
KMRL_278,1555,18,24186.66,2026-08-12 10:57:28,2025-12-15 10:57:28,2026-09-03 10:57:28,Closed,169,42752.48,2025-06-24 10:57:28,19
KMRL_279,607,22,46165.98,2026-04-26 10:57:28,2026-04-29 10:57:28,2026-01-04 10:57:28,Closed,479,20561.41,2025-07-08 10:57:28,24
KMRL_280,615,15,44799.38,2026-02-04 10:57:28,2026-06-03 10:57:28,2026-02-02 10:57:28,Closed,177,60164.98,2025-08-08 10:57:28,14
KMRL_281,1082,20,48595.7,2026-05-23 10:57:28,2025-12-19 10:57:28,2026-06-15 10:57:28,Closed,194,30049.72,2025-09-07 10:57:28,26
KMRL_282,1636,20,22894.81,2025-12-31 10:57:28,2026-04-25 10:57:28,2025-12-15 10:57:28,Closed,291,48080.0,2025-08-10 10:57:28,35
KMRL_283,1986,11,35751.17,2026-05-07 10:57:28,2026-08-02 10:57:28,2025-11-26 10:57:28,Open,183,78283.2,2025-09-12 10:57:28,26
KMRL_284,855,24,41804.91,2026-03-02 10:57:28,2026-06-30 10:57:28,2026-05-06 10:57:28,Open,286,72412.78,2025-08-31 10:57:28,24
KMRL_285,1854,16,28083.68,2026-07-04 10:57:28,2026-01-25 10:57:28,2026-07-02 10:57:28,Closed,278,98227.79,2025-05-28 10:57:28,4
KMRL_286,718,12,17560.45,2026-04-01 10:57:28,2026-08-07 10:57:28,2025-12-01 10:57:28,Closed,29,39084.11,2025-09-12 10:57:28,13
KMRL_287,1034,13,21923.69,2025-10-19 10:57:28,2025-12-18 10:57:28,2026-07-29 10:57:28,Closed,350,58379.88,2025-06-14 10:57:28,14
KMRL_288,1867,22,47035.85,2025-12-12 10:57:28,2026-06-12 10:57:28,2026-07-02 10:57:28,Closed,88,53206.81,2025-08-08 10:57:28,6
KMRL_289,1917,24,33230.64,2026-02-08 10:57:28,2026-01-30 10:57:28,2025-12-12 10:57:28,Closed,275,98503.16,2025-06-04 10:57:28,9
KMRL_290,718,19,35507.19,2026-06-07 10:57:28,2026-09-17 10:57:28,2026-08-23 10:57:28,Closed,473,96426.01,2025-06-11 10:57:28,13
KMRL_291,619,19,19458.17,2026-06-10 10:57:28,2026-07-28 10:57:28,2026-08-20 10:57:28,Closed,151,87223.81,2025-09-15 10:57:28,16
KMRL_292,1135,11,11420.3,2026-05-06 10:57:28,2026-09-17 10:57:28,2025-12-04 10:57:28,Closed,410,35028.12,2025-06-15 10:57:28,21
KMRL_293,544,12,31575.32,2025-11-02 10:57:28,2026-03-27 10:57:28,2025-11-04 10:57:28,Open,479,84905.81,2025-06-01 10:57:28,38
KMRL_294,876,16,47847.33,2026-06-10 10:57:28,2026-01-26 10:57:28,2025-12-06 10:57:28,Closed,118,40128.98,2025-07-15 10:57:28,3
KMRL_295,1329,19,39924.1,2026-01-01 10:57:28,2025-10-28 10:57:28,2026-04-11 10:57:28,Closed,457,83174.61,2025-08-03 10:57:28,23
KMRL_296,1141,11,39198.6,2025-12-05 10:57:28,2026-08-22 10:57:28,2026-05-07 10:57:28,Closed,381,82346.47,2025-07-26 10:57:28,20
KMRL_297,1699,19,17696.39,2026-03-20 10:57:28,2026-01-03 10:57:28,2026-07-14 10:57:28,Open,85,74297.34,2025-08-27 10:57:28,20
KMRL_298,1373,22,13443.4,2025-11-03 10:57:28,2025-11-14 10:57:28,2026-05-19 10:57:28,Closed,320,53117.23,2025-06-17 10:57:28,4
KMRL_299,582,17,18685.24,2026-02-01 10:57:28,2026-08-19 10:57:28,2026-09-07 10:57:28,Closed,146,16600.0,2025-07-13 10:57:28,9
KMRL_300,1751,17,36405.56,2026-04-08 10:57:28,2025-12-09 10:57:28,2025-10-07 10:57:28,Open,445,53081.54,2025-05-23 10:57:28,27
KMRL_301,912,17,17999.67,2026-07-14 10:57:28,2026-02-09 10:57:28,2026-02-26 10:57:28,Open,312,59556.0,2025-09-02 10:57:28,33
KMRL_302,1175,19,22843.81,2026-06-30 10:57:28,2026-07-24 10:57:28,2026-09-09 10:57:28,Closed,350,46064.49,2025-05-23 10:57:28,5
KMRL_303,1418,11,31617.61,2026-09-10 10:57:28,2026-07-03 10:57:28,2026-05-01 10:57:28,Closed,234,99802.9,2025-08-04 10:57:28,17
KMRL_304,1254,16,22347.2,2025-12-24 10:57:28,2026-05-26 10:57:28,2026-01-25 10:57:28,Closed,356,56298.71,2025-07-24 10:57:28,29
KMRL_305,1482,22,24725.27,2026-09-01 10:57:28,2026-01-04 10:57:28,2026-05-26 10:57:28,Closed,461,41162.55,2025-09-06 10:57:28,28
KMRL_306,1865,17,11825.7,2025-10-05 10:57:28,2025-12-22 10:57:28,2025-11-18 10:57:28,Open,73,36623.29,2025-07-11 10:57:28,13
KMRL_307,1461,13,26939.0,2026-02-21 10:57:28,2026-01-20 10:57:28,2026-03-26 10:57:28,Closed,134,97886.58,2025-07-09 10:57:28,9
KMRL_308,791,13,21844.26,2026-04-09 10:57:28,2026-05-07 10:57:28,2026-02-15 10:57:28,Closed,60,44473.17,2025-07-26 10:57:28,34
KMRL_309,1642,10,45198.43,2025-12-19 10:57:28,2026-01-23 10:57:28,2026-06-10 10:57:28,Closed,204,18335.2,2025-06-11 10:57:28,29
KMRL_310,933,11,18365.67,2026-02-10 10:57:28,2025-11-24 10:57:28,2025-09-22 10:57:28,Closed,97,79063.35,2025-08-02 10:57:28,26
KMRL_311,1559,20,25342.73,2026-06-28 10:57:28,2026-07-04 10:57:28,2025-09-20 10:57:28,Open,327,15180.89,2025-07-23 10:57:28,33
KMRL_312,538,16,39556.24,2025-12-25 10:57:28,2026-06-29 10:57:28,2026-09-02 10:57:28,Closed,425,48742.14,2025-07-14 10:57:28,13
KMRL_313,1618,11,34809.79,2025-09-26 10:57:28,2026-06-04 10:57:28,2026-04-13 10:57:28,Open,150,70966.56,2025-09-16 10:57:28,8
KMRL_314,1850,11,44882.28,2026-04-29 10:57:28,2025-12-23 10:57:28,2025-11-06 10:57:28,Open,321,30802.75,2025-07-20 10:57:28,13
KMRL_315,1606,14,15877.43,2025-10-02 10:57:28,2026-05-31 10:57:28,2026-08-06 10:57:28,Closed,260,81302.14,2025-05-25 10:57:28,40
KMRL_316,1134,12,27497.14,2026-07-31 10:57:28,2025-10-29 10:57:28,2025-12-22 10:57:28,Closed,199,96232.64,2025-07-30 10:57:28,15
KMRL_317,515,19,41844.67,2026-04-19 10:57:28,2026-05-04 10:57:28,2026-08-30 10:57:28,Closed,465,71682.5,2025-06-12 10:57:28,8
KMRL_318,1937,22,46671.15,2026-05-22 10:57:28,2026-08-18 10:57:28,2026-08-24 10:57:28,Closed,165,66020.58,2025-07-05 10:57:28,1
KMRL_319,1472,13,19392.06,2026-07-15 10:57:28,2026-01-02 10:57:28,2026-05-21 10:57:28,Closed,408,69340.96,2025-06-08 10:57:28,26
KMRL_320,1076,21,42040.49,2025-11-02 10:57:28,2026-01-19 10:57:28,2025-12-29 10:57:28,Closed,455,32795.74,2025-09-01 10:57:28,28
KMRL_321,1891,14,27583.46,2025-12-12 10:57:28,2025-11-03 10:57:28,2025-09-22 10:57:28,Open,317,12902.24,2025-06-29 10:57:28,31
KMRL_322,565,14,14244.27,2026-05-22 10:57:28,2026-04-05 10:57:28,2026-06-23 10:57:28,Open,190,77096.69,2025-07-27 10:57:28,37
KMRL_323,1823,18,16557.12,2026-03-07 10:57:28,2026-05-13 10:57:28,2026-08-14 10:57:28,Closed,50,37534.61,2025-05-24 10:57:28,36
KMRL_324,785,23,34181.46,2026-04-21 10:57:28,2026-07-01 10:57:28,2026-09-11 10:57:28,Closed,192,70476.48,2025-09-17 10:57:28,28
KMRL_325,753,23,19974.72,2025-10-21 10:57:28,2026-05-06 10:57:28,2026-02-21 10:57:28,Closed,259,71203.94,2025-08-04 10:57:28,33
KMRL_326,618,13,27364.44,2026-06-01 10:57:28,2026-07-13 10:57:28,2026-05-08 10:57:28,Open,285,31646.52,2025-06-26 10:57:28,24
KMRL_327,1752,23,11811.68,2025-11-20 10:57:28,2025-12-10 10:57:28,2026-02-02 10:57:28,Closed,22,45349.56,2025-08-15 10:57:28,35
KMRL_328,1268,18,39451.78,2025-11-03 10:57:28,2026-05-25 10:57:28,2026-07-30 10:57:28,Closed,298,33569.18,2025-08-30 10:57:28,38
KMRL_329,1873,16,13359.83,2025-12-21 10:57:28,2025-12-04 10:57:28,2025-11-29 10:57:28,Open,404,42281.03,2025-08-23 10:57:28,3
KMRL_330,1939,24,42347.29,2026-04-06 10:57:28,2025-12-18 10:57:28,2026-04-03 10:57:28,Closed,489,84298.72,2025-09-09 10:57:28,2
KMRL_331,1213,16,33877.85,2025-11-21 10:57:28,2026-09-17 10:57:28,2026-02-01 10:57:28,Closed,331,48457.32,2025-08-27 10:57:28,31
KMRL_332,1556,18,26217.42,2025-11-16 10:57:28,2025-10-19 10:57:28,2026-05-10 10:57:28,Closed,187,25499.78,2025-07-26 10:57:28,15
KMRL_333,1620,21,21059.18,2026-05-27 10:57:28,2026-09-10 10:57:28,2026-05-16 10:57:28,Closed,65,28539.58,2025-07-04 10:57:28,1
KMRL_334,787,14,14403.86,2026-04-24 10:57:28,2026-06-09 10:57:28,2026-06-09 10:57:28,Closed,229,51273.28,2025-08-08 10:57:28,36
KMRL_335,541,12,43106.39,2026-09-11 10:57:28,2026-08-09 10:57:28,2026-03-20 10:57:28,Closed,217,56980.4,2025-06-07 10:57:28,29
KMRL_336,1346,18,44949.88,2026-04-06 10:57:28,2025-12-10 10:57:28,2025-10-21 10:57:28,Open,202,34099.76,2025-08-04 10:57:28,17
KMRL_337,649,18,39456.94,2025-11-15 10:57:28,2026-01-11 10:57:28,2026-09-18 10:57:28,Closed,474,91090.62,2025-07-29 10:57:28,10
KMRL_338,1337,13,35501.91,2026-05-12 10:57:28,2026-05-10 10:57:28,2026-02-09 10:57:28,Closed,251,90130.51,2025-08-27 10:57:28,6
KMRL_339,1280,14,26622.24,2026-07-07 10:57:28,2026-03-11 10:57:28,2026-07-26 10:57:28,Closed,257,30766.67,2025-06-15 10:57:28,30
KMRL_340,533,21,49231.97,2026-08-16 10:57:28,2025-11-23 10:57:28,2026-04-02 10:57:28,Closed,116,80286.99,2025-08-20 10:57:28,25
KMRL_341,653,21,36592.05,2025-12-25 10:57:28,2026-01-30 10:57:28,2025-10-26 10:57:28,Closed,93,21167.06,2025-08-08 10:57:28,28
KMRL_342,1549,16,39703.98,2026-07-15 10:57:28,2026-07-26 10:57:28,2025-10-21 10:57:28,Open,483,61239.6,2025-08-02 10:57:28,13
KMRL_343,1921,10,13935.58,2026-04-04 10:57:28,2026-02-07 10:57:28,2026-04-17 10:57:28,Closed,157,27888.68,2025-07-30 10:57:28,5
KMRL_344,866,24,43785.15,2025-11-26 10:57:28,2026-03-20 10:57:28,2026-03-05 10:57:28,Closed,309,44723.28,2025-08-02 10:57:28,6
KMRL_345,781,10,34916.96,2026-07-24 10:57:28,2025-10-13 10:57:28,2026-01-31 10:57:28,Closed,311,34951.35,2025-06-18 10:57:28,19
KMRL_346,1727,17,15020.57,2026-03-18 10:57:28,2026-06-27 10:57:28,2025-12-04 10:57:28,Closed,55,78633.32,2025-06-05 10:57:28,22
KMRL_347,1884,21,48796.51,2026-06-19 10:57:28,2026-08-01 10:57:28,2025-11-22 10:57:28,Open,88,17163.55,2025-08-06 10:57:28,6
KMRL_348,719,13,15956.9,2026-03-24 10:57:28,2026-02-28 10:57:28,2026-09-07 10:57:28,Closed,274,58694.06,2025-08-24 10:57:28,39
KMRL_349,1195,15,23196.25,2026-08-04 10:57:28,2025-11-16 10:57:28,2025-12-25 10:57:28,Closed,72,20280.75,2025-07-02 10:57:28,10
KMRL_350,1613,17,28159.25,2026-08-14 10:57:28,2025-11-25 10:57:28,2026-08-29 10:57:28,Closed,221,49517.73,2025-08-19 10:57:28,34
KMRL_351,1131,10,18729.77,2025-12-24 10:57:28,2026-07-12 10:57:28,2025-11-21 10:57:28,Closed,45,34371.37,2025-08-13 10:57:28,23
KMRL_352,1743,12,12632.19,2026-04-14 10:57:28,2026-01-23 10:57:28,2026-09-02 10:57:28,Closed,43,91126.09,2025-07-24 10:57:28,6
KMRL_353,1622,24,18668.11,2025-11-03 10:57:28,2025-10-22 10:57:28,2026-04-10 10:57:28,Closed,154,46644.32,2025-06-27 10:57:28,38
KMRL_354,1385,21,33165.86,2025-10-08 10:57:28,2026-04-29 10:57:28,2025-12-27 10:57:28,Open,298,80505.07,2025-07-10 10:57:28,31
KMRL_355,1134,20,38665.07,2025-12-23 10:57:28,2026-01-10 10:57:28,2025-11-08 10:57:28,Closed,250,61947.88,2025-08-03 10:57:28,3
KMRL_356,582,22,44719.46,2025-11-09 10:57:28,2025-10-07 10:57:28,2026-05-15 10:57:28,Closed,267,66159.9,2025-05-29 10:57:28,18
KMRL_357,986,13,30310.02,2026-09-06 10:57:28,2026-03-14 10:57:28,2026-06-22 10:57:28,Closed,370,40110.75,2025-08-12 10:57:28,19
KMRL_358,1075,24,26315.78,2026-06-11 10:57:28,2025-12-03 10:57:28,2025-10-25 10:57:28,Closed,202,96870.95,2025-05-26 10:57:28,9
KMRL_359,1466,21,34995.91,2026-01-30 10:57:28,2026-02-22 10:57:28,2026-01-22 10:57:28,Closed,39,80518.7,2025-08-28 10:57:28,7
KMRL_360,1260,20,29117.32,2026-05-04 10:57:28,2026-01-17 10:57:28,2026-04-10 10:57:28,Open,69,73576.88,2025-08-31 10:57:28,27
KMRL_361,962,15,37547.97,2025-10-31 10:57:28,2026-03-31 10:57:28,2026-02-10 10:57:28,Closed,236,48023.89,2025-08-11 10:57:28,22
KMRL_362,1475,21,45083.69,2026-04-15 10:57:28,2026-08-22 10:57:28,2025-12-28 10:57:28,Closed,373,29736.66,2025-09-06 10:57:28,1
KMRL_363,1932,14,37499.54,2025-12-17 10:57:28,2025-12-20 10:57:28,2025-10-04 10:57:28,Closed,128,95804.37,2025-09-12 10:57:28,23
KMRL_364,624,18,15623.39,2026-09-10 10:57:28,2026-06-18 10:57:28,2025-12-22 10:57:28,Closed,413,37769.05,2025-08-17 10:57:28,21
KMRL_365,1940,19,11130.14,2025-11-27 10:57:28,2026-05-21 10:57:28,2026-02-16 10:57:28,Closed,118,32554.49,2025-06-08 10:57:28,13
KMRL_366,920,10,10220.69,2026-05-28 10:57:28,2026-05-21 10:57:28,2025-10-01 10:57:28,Open,414,42797.54,2025-06-01 10:57:28,11
KMRL_367,1000,21,17987.96,2026-04-14 10:57:28,2026-02-05 10:57:28,2026-05-24 10:57:28,Closed,275,24410.54,2025-08-10 10:57:28,16
KMRL_368,1866,20,11428.33,2025-10-11 10:57:28,2025-10-09 10:57:28,2026-01-27 10:57:28,Closed,322,62511.74,2025-06-11 10:57:28,34
KMRL_369,1691,10,44939.12,2025-10-04 10:57:28,2026-01-06 10:57:28,2026-09-14 10:57:28,Closed,134,66145.75,2025-05-28 10:57:28,17
KMRL_370,1298,22,21831.19,2025-10-12 10:57:28,2025-09-21 10:57:28,2026-09-04 10:57:28,Closed,130,24080.22,2025-08-25 10:57:28,22
KMRL_371,1058,21,20258.46,2026-04-19 10:57:28,2025-10-24 10:57:28,2026-03-06 10:57:28,Open,374,11491.26,2025-07-08 10:57:28,35
KMRL_372,1689,11,19626.47,2025-09-23 10:57:28,2026-05-15 10:57:28,2026-04-20 10:57:28,Closed,277,62819.88,2025-09-09 10:57:28,39
KMRL_373,857,19,24282.33,2026-04-30 10:57:28,2025-10-30 10:57:28,2026-09-14 10:57:28,Open,63,68849.02,2025-08-28 10:57:28,32
KMRL_374,518,19,35420.24,2025-11-07 10:57:28,2026-02-20 10:57:28,2026-07-19 10:57:28,Closed,162,77478.42,2025-08-21 10:57:28,31
KMRL_375,1148,20,10806.05,2026-08-14 10:57:28,2025-12-17 10:57:28,2025-11-05 10:57:28,Open,109,74852.94,2025-08-02 10:57:28,37
KMRL_376,961,24,17096.1,2026-03-21 10:57:28,2026-07-13 10:57:28,2025-12-12 10:57:28,Closed,226,88993.73,2025-05-26 10:57:28,14
KMRL_377,575,24,31653.08,2026-07-24 10:57:28,2026-03-15 10:57:28,2026-03-01 10:57:28,Open,329,38131.17,2025-07-26 10:57:28,7
KMRL_378,840,11,13010.71,2026-01-10 10:57:28,2026-06-11 10:57:28,2026-06-16 10:57:28,Closed,479,93990.4,2025-07-13 10:57:28,34
KMRL_379,797,22,26952.33,2025-09-22 10:57:28,2026-05-02 10:57:28,2026-02-02 10:57:28,Closed,154,10518.73,2025-07-29 10:57:28,7
KMRL_380,1945,18,34270.12,2026-05-17 10:57:28,2026-05-15 10:57:28,2026-04-27 10:57:28,Closed,149,24587.81,2025-07-24 10:57:28,38
KMRL_381,1940,10,45962.26,2026-01-29 10:57:28,2026-03-09 10:57:28,2026-09-07 10:57:28,Open,134,27424.36,2025-07-22 10:57:28,18
KMRL_382,624,12,33861.92,2025-11-12 10:57:28,2026-04-09 10:57:28,2025-10-06 10:57:28,Open,1,79549.77,2025-08-14 10:57:28,36
KMRL_383,1022,17,18724.76,2026-04-17 10:57:28,2026-03-22 10:57:28,2026-01-19 10:57:28,Closed,93,77938.6,2025-07-07 10:57:28,35
KMRL_384,1420,22,26225.74,2025-12-19 10:57:28,2025-12-29 10:57:28,2026-05-05 10:57:28,Closed,143,58013.52,2025-07-30 10:57:28,14
KMRL_385,1787,15,26668.33,2025-12-27 10:57:28,2026-04-16 10:57:28,2026-06-04 10:57:28,Closed,455,47311.74,2025-08-18 10:57:28,4
KMRL_386,1921,10,30164.21,2026-05-05 10:57:28,2026-01-16 10:57:28,2026-07-29 10:57:28,Closed,92,72058.74,2025-07-17 10:57:28,25
KMRL_387,1825,17,28782.26,2026-03-14 10:57:28,2026-08-24 10:57:28,2026-05-19 10:57:28,Closed,446,81444.85,2025-06-16 10:57:28,30
KMRL_388,1138,22,25507.52,2025-10-31 10:57:28,2026-09-15 10:57:28,2026-07-09 10:57:28,Closed,94,58965.43,2025-09-03 10:57:28,10
KMRL_389,581,19,27264.96,2026-01-07 10:57:28,2025-11-25 10:57:28,2026-09-02 10:57:28,Closed,144,74086.12,2025-06-23 10:57:28,12
KMRL_390,1352,14,25336.23,2026-03-27 10:57:28,2026-09-15 10:57:28,2026-04-18 10:57:28,Closed,89,65437.39,2025-07-27 10:57:28,22
KMRL_391,521,21,13771.15,2026-05-23 10:57:28,2025-11-24 10:57:28,2026-06-06 10:57:28,Closed,263,60969.62,2025-07-04 10:57:28,11
KMRL_392,607,13,23334.43,2026-03-08 10:57:28,2026-06-04 10:57:28,2026-07-12 10:57:28,Closed,122,29757.18,2025-08-28 10:57:28,15
KMRL_393,1070,13,46797.9,2026-02-08 10:57:28,2026-09-10 10:57:28,2026-06-30 10:57:28,Open,419,73369.71,2025-09-02 10:57:28,7
KMRL_394,1605,18,35953.37,2025-12-17 10:57:28,2026-01-19 10:57:28,2026-07-18 10:57:28,Closed,310,17188.01,2025-06-16 10:57:28,31
KMRL_395,572,21,13032.9,2025-12-10 10:57:28,2025-11-04 10:57:28,2025-11-02 10:57:28,Closed,190,80061.17,2025-09-18 10:57:28,7
KMRL_396,1140,20,25017.67,2026-09-05 10:57:28,2026-09-05 10:57:28,2025-10-26 10:57:28,Closed,36,55952.8,2025-06-15 10:57:28,34
KMRL_397,869,21,36450.22,2026-01-12 10:57:28,2025-10-15 10:57:28,2025-12-04 10:57:28,Closed,301,58698.23,2025-08-27 10:57:28,17
KMRL_398,1706,23,46223.2,2026-01-18 10:57:28,2026-03-27 10:57:28,2026-03-14 10:57:28,Closed,257,87837.63,2025-07-07 10:57:28,17
KMRL_399,1887,18,31542.52,2026-01-06 10:57:28,2026-01-20 10:57:28,2026-06-19 10:57:28,Open,168,11780.04,2025-06-04 10:57:28,35
KMRL_400,1087,20,43280.7,2026-08-30 10:57:28,2026-01-11 10:57:28,2026-03-30 10:57:28,Closed,306,76893.2,2025-06-23 10:57:28,21
KMRL_401,1656,23,31090.14,2026-07-30 10:57:28,2026-08-12 10:57:28,2026-04-20 10:57:28,Open,352,20384.56,2025-08-25 10:57:28,6
KMRL_402,1692,14,25511.65,2026-09-18 10:57:28,2026-04-03 10:57:28,2026-05-14 10:57:28,Closed,132,14471.03,2025-09-15 10:57:28,12
KMRL_403,1810,21,24378.27,2026-08-04 10:57:28,2025-10-23 10:57:28,2025-11-22 10:57:28,Closed,469,88417.84,2025-06-16 10:57:28,26
KMRL_404,923,24,27672.81,2026-04-28 10:57:28,2026-07-09 10:57:28,2026-09-13 10:57:28,Open,205,27223.43,2025-08-14 10:57:28,39
KMRL_405,1713,16,41973.2,2026-03-13 10:57:28,2026-08-30 10:57:28,2026-06-21 10:57:28,Closed,238,22613.46,2025-06-14 10:57:28,3
KMRL_406,633,18,34014.56,2026-08-26 10:57:28,2026-05-18 10:57:28,2025-09-23 10:57:28,Closed,171,33575.75,2025-09-13 10:57:28,14
KMRL_407,1091,13,26951.96,2025-09-29 10:57:28,2026-02-21 10:57:28,2025-12-07 10:57:28,Closed,150,28959.69,2025-08-28 10:57:28,28
KMRL_408,1045,22,39031.35,2026-07-04 10:57:28,2026-09-16 10:57:28,2026-07-24 10:57:28,Closed,183,58330.4,2025-09-06 10:57:28,11
KMRL_409,699,14,29593.84,2026-03-07 10:57:28,2026-07-13 10:57:28,2026-08-18 10:57:28,Open,496,71353.1,2025-07-23 10:57:28,4
KMRL_410,1866,24,12792.88,2026-06-10 10:57:28,2026-08-18 10:57:28,2025-12-03 10:57:28,Closed,424,80931.84,2025-08-17 10:57:28,12
KMRL_411,740,22,15247.27,2025-10-06 10:57:28,2025-09-29 10:57:28,2026-06-01 10:57:28,Open,26,29250.74,2025-07-21 10:57:28,35
KMRL_412,1195,20,40147.01,2025-10-05 10:57:28,2025-12-18 10:57:28,2026-05-02 10:57:28,Open,335,65476.02,2025-08-06 10:57:28,20
KMRL_413,1013,11,36219.69,2025-10-23 10:57:28,2026-09-14 10:57:28,2025-12-17 10:57:28,Open,460,53547.2,2025-08-01 10:57:28,27
KMRL_414,588,16,22171.28,2026-03-16 10:57:28,2026-01-15 10:57:28,2026-02-02 10:57:28,Closed,86,51327.84,2025-08-14 10:57:28,12
KMRL_415,1978,13,48412.76,2026-01-17 10:57:28,2026-01-09 10:57:28,2025-10-28 10:57:28,Closed,314,83566.7,2025-05-28 10:57:28,37
KMRL_416,1720,22,16759.42,2026-06-05 10:57:28,2025-12-07 10:57:28,2025-10-01 10:57:28,Open,3,78052.77,2025-08-07 10:57:28,35
KMRL_417,1087,20,18666.51,2025-11-09 10:57:28,2026-01-28 10:57:28,2025-10-18 10:57:28,Closed,310,93560.77,2025-07-12 10:57:28,30
KMRL_418,1187,13,14838.93,2026-07-30 10:57:28,2026-09-11 10:57:28,2026-01-03 10:57:28,Closed,3,37259.03,2025-08-01 10:57:28,5
KMRL_419,1000,16,45586.57,2026-06-28 10:57:28,2026-08-04 10:57:28,2026-01-06 10:57:28,Closed,40,77812.92,2025-06-07 10:57:28,11
KMRL_420,589,18,40953.42,2025-12-19 10:57:28,2026-05-17 10:57:28,2026-09-08 10:57:28,Closed,189,58054.98,2025-09-04 10:57:28,26
KMRL_421,1382,13,16798.6,2026-06-07 10:57:28,2025-12-23 10:57:28,2025-09-30 10:57:28,Closed,271,84661.61,2025-08-24 10:57:28,38
KMRL_422,503,14,35359.9,2026-02-07 10:57:28,2026-07-21 10:57:28,2025-10-04 10:57:28,Closed,212,52179.34,2025-09-02 10:57:28,26
KMRL_423,1561,15,33792.02,2026-04-28 10:57:28,2026-05-03 10:57:28,2026-01-19 10:57:28,Closed,79,83048.5,2025-07-24 10:57:28,5
KMRL_424,1433,20,25750.0,2026-08-25 10:57:28,2026-09-02 10:57:28,2025-12-23 10:57:28,Closed,93,55878.62,2025-09-18 10:57:28,12
KMRL_425,925,19,42996.18,2026-06-26 10:57:28,2025-12-25 10:57:28,2026-09-05 10:57:28,Open,293,72968.14,2025-07-04 10:57:28,18
KMRL_426,708,13,31012.95,2026-05-20 10:57:28,2025-12-02 10:57:28,2026-08-29 10:57:28,Open,457,25877.02,2025-08-06 10:57:28,24
KMRL_427,1444,15,25874.62,2026-02-10 10:57:28,2025-10-06 10:57:28,2025-10-27 10:57:28,Open,378,15658.47,2025-06-14 10:57:28,18
KMRL_428,1168,16,20064.66,2026-02-21 10:57:28,2026-06-16 10:57:28,2026-03-06 10:57:28,Open,71,25651.44,2025-08-17 10:57:28,7
KMRL_429,994,23,34816.36,2026-04-01 10:57:28,2026-05-22 10:57:28,2026-03-25 10:57:28,Closed,359,92976.23,2025-07-19 10:57:28,30
KMRL_430,904,22,12390.34,2025-11-14 10:57:28,2026-05-20 10:57:28,2026-08-22 10:57:28,Closed,204,78060.78,2025-07-03 10:57:28,32
KMRL_431,1913,13,25837.08,2026-07-16 10:57:28,2025-09-20 10:57:28,2026-03-11 10:57:28,Closed,404,26662.44,2025-08-18 10:57:28,21
KMRL_432,1508,14,16637.48,2026-08-23 10:57:28,2026-05-30 10:57:28,2026-03-27 10:57:28,Closed,151,31433.8,2025-06-29 10:57:28,39
KMRL_433,595,19,31119.62,2026-08-16 10:57:28,2025-10-14 10:57:28,2026-02-23 10:57:28,Closed,485,78477.99,2025-06-14 10:57:28,20
KMRL_434,1865,15,46311.7,2026-06-15 10:57:28,2026-07-31 10:57:28,2025-10-29 10:57:28,Closed,306,75690.52,2025-06-07 10:57:28,15
KMRL_435,1894,19,36192.88,2026-08-14 10:57:28,2026-09-11 10:57:28,2026-07-08 10:57:28,Closed,58,62336.02,2025-06-02 10:57:28,5
KMRL_436,746,19,48957.84,2026-07-21 10:57:28,2025-12-28 10:57:28,2026-05-15 10:57:28,Closed,305,22814.65,2025-06-28 10:57:28,38
KMRL_437,1740,10,32935.91,2025-12-11 10:57:28,2026-08-19 10:57:28,2026-05-29 10:57:28,Closed,81,77287.82,2025-06-03 10:57:28,10
KMRL_438,1605,10,28115.4,2026-05-24 10:57:28,2025-12-03 10:57:28,2026-08-08 10:57:28,Closed,388,46406.12,2025-08-16 10:57:28,40
KMRL_439,1745,24,38788.9,2026-02-03 10:57:28,2026-01-12 10:57:28,2026-05-17 10:57:28,Closed,254,45724.46,2025-08-06 10:57:28,27
KMRL_440,606,21,13323.73,2026-06-24 10:57:28,2026-06-03 10:57:28,2025-12-20 10:57:28,Closed,265,78622.04,2025-06-04 10:57:28,6
KMRL_441,1933,23,18303.66,2026-06-19 10:57:28,2025-10-02 10:57:28,2026-08-06 10:57:28,Open,180,81616.07,2025-06-25 10:57:28,15
KMRL_442,1483,18,48387.38,2025-12-23 10:57:28,2026-08-14 10:57:28,2026-05-21 10:57:28,Closed,346,54179.05,2025-07-31 10:57:28,23
KMRL_443,1138,14,49024.52,2026-04-16 10:57:28,2025-11-09 10:57:28,2025-12-11 10:57:28,Closed,11,23174.07,2025-08-23 10:57:28,10
KMRL_444,1062,19,47763.14,2026-02-25 10:57:28,2026-03-23 10:57:28,2026-04-14 10:57:28,Open,177,71519.4,2025-07-21 10:57:28,38
KMRL_445,1941,14,33241.65,2026-09-12 10:57:28,2026-08-02 10:57:28,2026-08-26 10:57:28,Closed,307,21857.27,2025-07-05 10:57:28,16
KMRL_446,1375,21,24890.23,2025-10-24 10:57:28,2026-01-12 10:57:28,2026-05-31 10:57:28,Closed,267,36911.89,2025-06-25 10:57:28,5
KMRL_447,785,14,46453.47,2026-02-27 10:57:28,2026-08-29 10:57:28,2026-05-14 10:57:28,Closed,182,40382.5,2025-06-14 10:57:28,31
KMRL_448,1220,16,30910.53,2025-10-11 10:57:28,2026-04-10 10:57:28,2026-04-01 10:57:28,Closed,440,75199.01,2025-07-30 10:57:28,25
KMRL_449,1491,17,36698.0,2025-12-06 10:57:28,2026-03-30 10:57:28,2026-01-12 10:57:28,Closed,283,85102.9,2025-08-31 10:57:28,19
KMRL_450,1900,15,37201.36,2025-12-01 10:57:28,2026-02-11 10:57:28,2026-03-05 10:57:28,Closed,429,80868.19,2025-09-13 10:57:28,35
KMRL_451,1318,23,47360.8,2025-10-05 10:57:28,2026-03-09 10:57:28,2026-03-30 10:57:28,Closed,364,51262.99,2025-09-05 10:57:28,13
KMRL_452,773,18,14869.84,2026-01-21 10:57:28,2026-02-01 10:57:28,2025-09-30 10:57:28,Closed,140,15331.59,2025-07-26 10:57:28,38
KMRL_453,524,17,22185.67,2025-11-08 10:57:28,2026-06-13 10:57:28,2026-05-02 10:57:28,Closed,29,83097.88,2025-08-02 10:57:28,27
KMRL_454,813,23,46475.63,2026-07-23 10:57:28,2026-02-01 10:57:28,2026-02-13 10:57:28,Closed,496,55747.5,2025-06-04 10:57:28,11
KMRL_455,1394,15,47336.33,2026-04-13 10:57:28,2025-12-26 10:57:28,2025-12-15 10:57:28,Closed,108,53278.92,2025-07-26 10:57:28,16
KMRL_456,1032,15,11047.3,2025-12-27 10:57:28,2026-01-30 10:57:28,2026-07-11 10:57:28,Open,132,16694.01,2025-06-12 10:57:28,1
KMRL_457,526,20,17016.31,2026-05-03 10:57:28,2026-05-21 10:57:28,2025-11-22 10:57:28,Open,290,92754.72,2025-07-29 10:57:28,5
KMRL_458,1569,22,38514.15,2025-12-18 10:57:28,2026-05-09 10:57:28,2025-10-31 10:57:28,Closed,140,96078.81,2025-07-16 10:57:28,30
KMRL_459,1901,21,44098.35,2025-10-21 10:57:28,2025-09-27 10:57:28,2026-08-19 10:57:28,Open,163,16750.94,2025-08-25 10:57:28,6
KMRL_460,862,14,30018.18,2025-09-29 10:57:28,2026-08-30 10:57:28,2026-04-13 10:57:28,Closed,70,68113.85,2025-07-11 10:57:28,20
KMRL_461,1521,24,32662.52,2026-02-05 10:57:28,2026-03-08 10:57:28,2026-02-01 10:57:28,Open,44,27667.38,2025-06-08 10:57:28,31
KMRL_462,895,23,41630.17,2026-04-04 10:57:28,2025-11-02 10:57:28,2026-07-27 10:57:28,Open,155,49436.27,2025-07-12 10:57:28,1
KMRL_463,942,11,25358.37,2026-06-24 10:57:28,2025-12-17 10:57:28,2026-01-17 10:57:28,Closed,8,49808.63,2025-09-05 10:57:28,32
KMRL_464,1737,12,37655.78,2026-04-02 10:57:28,2026-04-12 10:57:28,2025-12-07 10:57:28,Closed,156,60430.77,2025-08-15 10:57:28,1
KMRL_465,1754,23,38851.86,2026-05-20 10:57:28,2026-03-21 10:57:28,2026-05-10 10:57:28,Open,496,33173.1,2025-08-31 10:57:28,39
KMRL_466,1459,13,19801.77,2026-01-22 10:57:28,2026-09-07 10:57:28,2026-01-11 10:57:28,Closed,280,64805.37,2025-06-01 10:57:28,22
KMRL_467,792,12,37612.36,2025-12-18 10:57:28,2026-01-20 10:57:28,2026-03-05 10:57:28,Closed,32,18426.12,2025-07-02 10:57:28,33
KMRL_468,1365,10,34932.83,2026-08-21 10:57:28,2026-05-28 10:57:28,2025-09-25 10:57:28,Closed,346,86789.03,2025-08-08 10:57:28,36
KMRL_469,779,20,37903.62,2026-03-25 10:57:28,2025-12-22 10:57:28,2026-01-27 10:57:28,Closed,142,55198.28,2025-05-29 10:57:28,19
KMRL_470,1703,19,10609.76,2025-10-16 10:57:28,2026-06-13 10:57:28,2026-04-11 10:57:28,Closed,324,48773.88,2025-08-29 10:57:28,40
KMRL_471,1738,15,39699.77,2026-07-01 10:57:28,2026-01-02 10:57:28,2026-01-31 10:57:28,Closed,15,94821.38,2025-07-16 10:57:28,33
KMRL_472,1484,16,47684.26,2026-09-03 10:57:28,2025-12-10 10:57:28,2025-11-15 10:57:28,Open,105,21916.59,2025-07-16 10:57:28,3
KMRL_473,625,17,26206.75,2026-01-20 10:57:28,2025-10-17 10:57:28,2026-02-11 10:57:28,Closed,295,81237.76,2025-07-15 10:57:28,19
KMRL_474,1442,20,16410.39,2026-01-08 10:57:28,2026-03-03 10:57:28,2026-01-14 10:57:28,Closed,359,68144.26,2025-06-17 10:57:28,17
KMRL_475,1610,19,19587.98,2026-04-18 10:57:28,2026-07-10 10:57:28,2026-03-23 10:57:28,Closed,271,48559.94,2025-08-16 10:57:28,20
KMRL_476,828,17,32852.66,2026-05-27 10:57:28,2026-09-06 10:57:28,2026-06-03 10:57:28,Closed,74,57389.53,2025-08-23 10:57:28,19
KMRL_477,1816,20,35252.18,2026-04-08 10:57:28,2025-11-02 10:57:28,2025-12-04 10:57:28,Closed,315,29024.06,2025-05-27 10:57:28,18
KMRL_478,1773,15,42537.62,2026-03-12 10:57:28,2026-06-06 10:57:28,2026-07-01 10:57:28,Open,236,82724.19,2025-06-02 10:57:28,26
KMRL_479,753,16,32267.75,2025-12-21 10:57:28,2026-04-13 10:57:28,2026-03-21 10:57:28,Closed,321,82580.49,2025-06-19 10:57:28,7
KMRL_480,1202,21,16472.22,2026-04-29 10:57:28,2026-04-24 10:57:28,2026-05-27 10:57:28,Closed,325,82920.34,2025-06-22 10:57:28,36
KMRL_481,873,23,41802.46,2026-07-14 10:57:28,2026-03-15 10:57:28,2026-01-06 10:57:28,Closed,100,66950.48,2025-07-07 10:57:28,25
KMRL_482,1268,21,26033.67,2026-03-21 10:57:28,2026-09-07 10:57:28,2026-06-14 10:57:28,Open,367,46621.11,2025-07-05 10:57:28,32
KMRL_483,552,20,33277.83,2026-07-05 10:57:28,2025-11-17 10:57:28,2025-10-21 10:57:28,Closed,317,79645.43,2025-08-31 10:57:28,37
KMRL_484,1599,14,39065.5,2026-05-02 10:57:28,2026-01-11 10:57:28,2026-09-10 10:57:28,Open,31,21315.53,2025-08-05 10:57:28,21
KMRL_485,1796,11,38524.98,2026-03-23 10:57:28,2025-11-17 10:57:28,2025-12-15 10:57:28,Closed,197,25589.67,2025-06-29 10:57:28,25
KMRL_486,595,10,13593.85,2025-11-26 10:57:28,2025-11-16 10:57:28,2026-05-09 10:57:28,Closed,313,89787.73,2025-08-12 10:57:28,6
KMRL_487,1271,17,45782.15,2026-08-03 10:57:28,2025-10-24 10:57:28,2026-05-28 10:57:28,Closed,472,40977.97,2025-07-02 10:57:28,14
KMRL_488,1451,19,39037.38,2026-08-22 10:57:28,2026-01-07 10:57:28,2026-04-23 10:57:28,Closed,308,58736.76,2025-07-07 10:57:28,3
KMRL_489,925,21,35889.06,2026-06-25 10:57:28,2026-06-13 10:57:28,2026-09-07 10:57:28,Open,225,61005.89,2025-08-30 10:57:28,20
KMRL_490,996,21,24256.9,2026-04-23 10:57:28,2026-03-15 10:57:28,2026-04-12 10:57:28,Closed,412,60420.43,2025-06-16 10:57:28,22
KMRL_491,1437,15,38523.94,2026-01-20 10:57:28,2026-07-03 10:57:28,2026-02-28 10:57:28,Closed,423,86086.86,2025-05-31 10:57:28,1
KMRL_492,1956,12,13943.43,2026-05-25 10:57:28,2026-05-19 10:57:28,2025-10-31 10:57:28,Closed,332,22198.46,2025-06-12 10:57:28,5
KMRL_493,752,21,30761.97,2025-11-26 10:57:28,2025-12-22 10:57:28,2025-11-06 10:57:28,Closed,45,74429.68,2025-05-23 10:57:28,8
KMRL_494,652,14,18593.35,2025-10-25 10:57:28,2026-03-27 10:57:28,2025-11-16 10:57:28,Open,199,12998.09,2025-08-24 10:57:28,29
KMRL_495,791,16,45684.31,2025-10-03 10:57:28,2026-05-23 10:57:28,2025-12-15 10:57:28,Closed,55,90661.97,2025-09-02 10:57:28,32
KMRL_496,1299,16,13075.42,2026-01-30 10:57:28,2026-04-07 10:57:28,2026-07-16 10:57:28,Closed,474,34154.82,2025-07-11 10:57:28,2
KMRL_497,1263,14,33547.85,2025-10-01 10:57:28,2025-11-07 10:57:28,2026-03-11 10:57:28,Closed,54,78840.79,2025-09-07 10:57:28,37
KMRL_498,1248,23,39206.68,2026-02-15 10:57:28,2026-02-02 10:57:28,2026-03-04 10:57:28,Closed,314,33168.77,2025-08-15 10:57:28,7
KMRL_499,1570,20,31869.49,2025-12-18 10:57:28,2026-05-05 10:57:28,2026-06-30 10:57:28,Closed,45,67860.33,2025-06-10 10:57:28,8
KMRL_500,1075,11,42988.65,2026-01-12 10:57:28,2025-11-20 10:57:28,2025-11-25 10:57:28,Closed,381,74433.07,2025-07-22 10:57:28,5
